city_index,city,State,Country,lat,lon
1,SALVADOR,BAHIA,BRAZIL,-12.9777,-38.5016
2,NITEROI,RIO DE JANEIRO,BRAZIL,-22.8859,-43.1153
3,MACAE,RIO DE JANEIRO,BRAZIL,-22.3234,-41.9593
4,PROVO,UTAH,USA,40.2338,-111.6585
5,HOUSTON,TEXAS,USA,29.7604,-95.3698
6,RIO DE JANEIRO,RIO DE JANEIRO,BRAZIL,-22.9068,-43.1729
7,LAS VEGAS,NEVADA,USA,36.1699,-115.1398
8,ATHLONE,WESTMEATH,IRELAND,53.4239,-7.9407
9,LINKOPING,OSTERGOTLAND,SWEDEN,58.4108,15.6214
